{
  "accuracy": 0.9739910313901345,
  "precision": 1.0,
  "recall": 0.8053691275167785,
  "f1": 0.8921933085501859,
  "roc_auc": 0.9882446121138855
}